country,year,arrivals,revenue_dollars,gdp_dollars,percent_of_gdp,entity,primary_energy_consumption_per_capita_kwh/person,annual_co2_emissions_per_capita),code,accomodations_service_hotel,accomodation_service_other,food_beverage_serving,passenger_transport,travel_agency_and_other_resa,other_tourism_industry
"Macao SAR, China",2013,29325000.0,43755000000.0,51540000000.0,84.895227008149,Macao,17761.412,1.6671891,MO,,,,,,
"Macao SAR, China",2012,28082000.0,36593000000.0,43190000000.0,84.72563093308636,Macao,17832.598,1.9427292,MO,,,,,,
"Macao SAR, China",2011,28002000.0,31118000000.0,36850000000.0,84.44504748982361,Macao,18063.021,2.2650793,MO,,,,,,
"Macao SAR, China",2010,24965000.0,22688000000.0,28240000000.0,80.3399433427762,Macao,18400.9,2.2155974,MO,,,,,,
"Macao SAR, China",2014,31526000.0,43412000000.0,54900000000.0,79.07468123861567,Macao,18849.732,2.1407998,MO,,,,,,
"Macao SAR, China",2018,35804000.0,41478000000.0,55190000000.0,75.154919369451,Macao,22952.04,1.9079933,MO,508000.0,,336000.0,98000.0,45000.0,572000.0
"Macao SAR, China",2019,39406000.0,41166000000.0,55080000000.0,74.73856209150327,Macao,23023.588,1.8274176,MO,519000.0,,340000.0,101000.0,47000.0,582000.0
"Macao SAR, China",2017,32611000.0,36595000000.0,50380000000.0,72.63795156808257,Macao,24657.23,3.017895,MO,494000.0,,327000.0,89000.0,45000.0,566000.0
"Macao SAR, China",2009,21753000.0,15182000000.0,21590000000.0,70.31959240389068,Macao,18303.113,3.4816453,MO,,,,,,
"Macao SAR, China",2015,30715000.0,31620000000.0,45050000000.0,70.18867924528301,Macao,21063.752,2.8764439,MO,453000.0,,323000.0,73000.0,45000.0,562000.0
"Macao SAR, China",2004,16673000.0,7431000000.0,10640000000.0,69.84022556390977,Macao,19637.254,3.605935,MO,,,,,,
"Macao SAR, China",2016,30950000.0,31155000000.0,45070000000.0,69.12580430441535,Macao,20401.303,2.841425,MO,496000.0,,326000.0,83000.0,43000.0,558000.0
"Macao SAR, China",2008,22933000.0,13749000000.0,21030000000.0,65.37803138373752,Macao,17604.602,2.1400251,MO,,,,,,
"Macao SAR, China",2003,,5225000000.0,8250000000.0,63.33333333333333,Macao,16996.396,3.3111918,MO,,,,,,
"Macao SAR, China",2007,27003000.0,11198000000.0,18440000000.0,60.72668112798265,Macao,20300.041,2.644892,MO,,,,,,
"Macao SAR, China",2005,18711000.0,7181000000.0,12160000000.0,59.05427631578948,Macao,19636.117,3.741775,MO,,,,,,
"Macao SAR, China",2006,21998000.0,8482000000.0,14870000000.0,57.04102219233356,Macao,20359.129,3.2269073,MO,,,,,,
"Macao SAR, China",2020,5897000.0,9442000000.0,25340000000.0,37.26124704025256,Macao,20649.154,1.5278246,MO,427000.0,,328000.0,89000.0,37000.0,566000.0
Croatia,2019,60021000.0,11994171000.0,61470000000.0,19.51223523670083,Croatia,23200.729,4.3240995,HR,443000.0,,410000.0,,63000.0,
Croatia,2018,57668000.0,11425329000.0,61480000000.0,18.58381424853611,Croatia,23593.492,4.2601137,HR,418000.0,,387000.0,,61000.0,
Croatia,2003,,6513000000.0,35250000000.0,18.47659574468085,Croatia,23832.379,5.203406,HR,,,,,,
Croatia,2017,59238000.0,10254173000.0,56060000000.0,18.291425258651444,Croatia,22608.02,4.470874,HR,388000.0,,351000.0,,56000.0,
Croatia,2016,57587000.0,9107381000.0,52510000000.0,17.344088745000953,Croatia,22428.08,4.2874274,HR,357000.0,,322000.0,,55000.0,
Croatia,2005,45762000.0,7625000000.0,45030000000.0,16.933155673995117,Croatia,24671.021,5.2690024,HR,,,,,,
Croatia,2006,47733000.0,8296000000.0,49600000000.0,16.725806451612904,Croatia,24436.512,5.330262,HR,,,,,,
Croatia,2004,44974000.0,6945000000.0,41860000000.0,16.5910176779742,Croatia,24877.861,5.1503606,HR,,,,,,
Croatia,2013,48345000.0,9721004000.0,59490000000.0,16.340568162716423,Croatia,22296.646,4.277748,HR,,,,,,
Croatia,2007,52271000.0,9617000000.0,59320000000.0,16.21207012811868,Croatia,24617.822,5.642829,HR,,,,,,
Croatia,2015,55858000.0,8160331000.0,50860000000.0,16.04469327565867,Croatia,21392.176,4.189296,HR,315000.0,,239000.0,,59000.0,
Croatia,2021,,10879564000.0,69080000000.0,15.749224088013897,Croatia,24213.969,4.288185,HR,,,,,,
Croatia,2012,47185000.0,9018457000.0,57350000000.0,15.725295553618135,Croatia,20222.29,4.405135,HR,,,,,,
Croatia,2011,49969000.0,9433202000.0,62740000000.0,15.03538731271916,Croatia,21703.076,4.745162,HR,,,,,,
Croatia,2014,51168000.0,8885426000.0,59340000000.0,14.973754634310753,Croatia,22411.172,4.1273804,HR,,,,,,
Croatia,2008,51336000.0,10031710000.0,68519999999.99999,14.640557501459432,Croatia,24549.996,5.3700924,HR,,,,,,
Croatia,2010,49006000.0,8449098000.0,58820000000.0,14.36432845970758,Croatia,24781.908,4.811103,HR,,,,,,
Croatia,2009,47573000.0,8109988000.0,62090000000.0,13.06166532452891,Croatia,24300.623,4.975948,HR,,,,,,
Thailand,2017,35592000.0,57057000000.0,456360000000.0,12.502629503023927,Thailand,20264.654,3.9965413,TH,,,,,,
Thailand,2018,38178000.0,61383000000.0,506750000000.0,12.113073507646767,Thailand,20834.088,4.0539184,TH,,,,,,
Thailand,2019,39916000.0,64371000000.0,543980000000.0,11.833339461009595,Thailand,20792.385,3.95287,TH,,,,,,
Thailand,2016,32530000.0,48459000000.0,413370000000.0,11.722911677189924,Thailand,19981.582,4.022904,TH,5326000.0,,21983000.0,7188000.0,708000.0,7372000.0
Greece,2019,34005000.0,23081400000.0,205250000000.0,11.245505481120585,Greece,29966.309,6.2189636,GR,736000.0,15000.0,1968000.0,591000.0,120000.0,44000.0
Thailand,2015,29923000.0,44851000000.0,401300000000.0,11.176426613506104,Thailand,19661.768,3.9419734,TH,5161000.0,,21294000.0,7167000.0,700000.0,7359000.0
Greece,2018,33072000.0,21782000000.0,212050000000.0,10.272105635463332,Greece,30475.123,6.7505913,GR,735000.0,18000.0,1720000.0,599000.0,99000.0,33000.0
Thailand,2013,26547000.0,41765000000.0,420330000000.0,9.93624057288321,Thailand,18809.137,3.7907274,TH,,,,,,
Thailand,2014,24810000.0,38451000000.0,407340000000.0,9.43953454116954,Thailand,19310.582,3.8948538,TH,,,,,,
Greece,2017,30161000.0,18776200000.0,199840000000.0,9.395616493194556,Greece,30131.885,6.999798,GR,640000.0,20000.0,1653000.0,682000.0,140000.0,23000.0
Malaysia,2007,20973000.0,17948000000.0,193550000000.0,9.273056057866183,Malaysia,33221.49,6.475966,MY,,,,,,
United Arab Emirates,2019,25282000.0,38413300781.25,417990000000.0,9.190004732469676,United Arab Emirates,134878.39,23.834637,AE,955000.0,,2861000.0,1560000.0,582000.0,392000.0
Croatia,2020,21608000.0,5238312000.0,57760000000.0,9.06909972299169,Croatia,22304.447,4.1179047,HR,351000.0,,382000.0,,52000.0,
Greece,2015,26114000.0,17557200000.0,195680000000.0,8.972403924775143,Greece,28845.504,6.9334774,GR,580000.0,8000.0,1536000.0,569000.0,129000.0,19000.0
Thailand,2012,22354000.0,34565000000.0,397560000000.0,8.694285139350036,Thailand,18817.51,3.793507,TH,,,,,,
Greece,2016,28071000.0,16698599999.999998,193150000000.0,8.64540512555009,Greece,28556.062,6.638392,GR,574000.0,7000.0,1650000.0,703000.0,140000.0,21000.0
Malaysia,2009,23646000.0,17231000000.0,202260000000.0,8.519232670819738,Malaysia,32003.473,6.8085785,MY,,,,,,
Thailand,2011,19230000.0,30924000000.0,370820000000.0,8.339356021789547,Thailand,17644.098,3.56379,TH,,,,,,
Greece,2014,24272000.0,19465000000.0,235460000000.0,8.266796908179733,Greece,28344.934,7.238944,GR,,,,,,
United Arab Emirates,2018,23092000.0,34609500000.0,427050000000.0,8.104320337197048,United Arab Emirates,132789.17,22.896563,AE,1041000.0,,2788000.0,1125000.0,526000.0,318000.0
Malaysia,2008,22052000.0,18553000000.0,230810000000.0,8.038213248992678,Malaysia,33712.133,6.9709706,MY,,,,,,
Thailand,2007,14464000.0,20625000000.0,262940000000.0,7.84399482771735,Thailand,16149.867,3.3531868,TH,,,,,,
United Arab Emirates,2016,20894000.0,28657400390.625,369260000000.0,7.760764878574716,United Arab Emirates,142115.27,25.194353,AE,,,,,,
Thailand,2008,14584000.0,22510000000.0,291380000000.0,7.72530715903631,Thailand,16027.417,3.3306782,TH,,,,,,
Malaysia,2010,24577000.0,19619000000.0,255020000000.0,7.6931221080699554,Malaysia,32487.746,6.9415693,MY,,,,,,
United Arab Emirates,2017,21805000.0,29705500000.0,390520000000.0,7.606652668237222,United Arab Emirates,135601.27,23.432226,AE,66000.0,,1404000.0,655000.0,81000.0,184000.0
Thailand,2004,11737000.0,13054000000.0,172900000000.0,7.55002891844997,Thailand,15161.756,3.1745062,TH,,,,,,
Malaysia,2006,17547000.0,12280000000.0,162690000000.0,7.548097608949536,Malaysia,31831.441,6.4190946,MY,,,,,,
Thailand,2006,13822000.0,16624000000.0,221760000000.0,7.496392496392497,Thailand,15733.904,3.2543156,TH,,,,,,
Malaysia,2004,15703000.0,9183000000.0,124750000000.0,7.361122244488978,Malaysia,30459.574,6.6978498,MY,,,,,,
Greece,2013,20112000.0,17489100000.0,238910000000.0,7.320371688083378,Greece,30079.553,7.486669,GR,,,,,,
Malaysia,2005,16431000.0,10389000000.0,143530000000.0,7.238208040130983,Malaysia,32213.139,6.556486,MY,,,,,,
Malaysia,2014,27437000.0,24469000000.0,338070000000.0,7.237850149377348,Malaysia,35862.223,8.006472,MY,,,,,,
Malaysia,2013,25715000.0,23283000000.0,323280000000.0,7.202115812917595,Malaysia,36062.543,8.019667,MY,,,,,,
Malaysia,2011,24714000.0,21338000000.0,297950000000.0,7.161604296022822,Malaysia,32524.594,6.9713326,MY,,,,,,
United Arab Emirates,2020,8084000.0,24615400390.625,349470000000.0,7.043637620003147,United Arab Emirates,126073.66,23.34033,AE,595000.0,,1972000.0,1271000.0,339000.0,243000.0
Thailand,2009,14150000.0,19811000000.0,281710000000.0,7.032409215150332,Thailand,16344.104,3.3744862,TH,,,,,,
Thailand,2010,15936000.0,23796000000.0,341100000000.0,6.9762532981530345,Thailand,17299.504,3.5303538,TH,,,,,,
United Arab Emirates,2015,19313000.0,25587099609.375,370280000000.0,6.91020298405936,United Arab Emirates,137896.34,25.309628,AE,,,,,,
Malaysia,2012,25033000.0,21711000000.0,314440000000.0,6.904655896196413,Malaysia,35010.12,7.1809983,MY,,,,,,
Thailand,2003,,10456000000.0,152280000000.0,6.866298923036513,Thailand,14080.671,2.9499335,TH,,,,,,
Malaysia,2016,26757000.0,19682000000.0,301260000000.0,6.533227112792936,Malaysia,37199.58,7.5117126,MY,2074000.0,,10026000.0,1645000.0,358000.0,17715000.0
Singapore,2011,13171000.0,17929000000.0,279360000000.0,6.417883734249713,Singapore,151959.9,6.440885,SG,,,,,,
Greece,2021,,13745072000.0,214670000000.0,6.402884427260447,Greece,28961.367,5.510225,GR,,,,,,
Thailand,2005,11567000.0,12103000000.0,189320000000.0,6.392879780266216,Thailand,15521.235,3.2561638,TH,,,,,,
Singapore,2012,14496000.0,18795000000.0,295090000000.0,6.369243281710664,Singapore,149476.58,9.423168,SG,,,,,,
Malaysia,2015,25721000.0,19194000000.0,301360000000.0,6.369126625962304,Malaysia,35878.008,7.580128,MY,1841000.0,,9127000.0,1592000.0,327000.0,16101000.0
Malaysia,2017,25948000.0,20311000000.0,319110000000.0,6.364889849895021,Malaysia,37162.887,7.63407,MY,2105000.0,,10870000.0,1625000.0,401000.0,18085000.0
Singapore,2013,15568000.0,19231000000.0,307580000000.0,6.252357110345276,Singapore,148317.19,10.023379,SG,,,,,,
Hungary,2019,61397000.0,10249100000.0,164020000000.0,6.248689184245824,Hungary,28131.205,5.046203,HU,423000.0,48000.0,993000.0,1061000.0,88000.0,860000.0
Malaysia,2003,,6799000000.0,110200000000.0,6.169691470054446,Malaysia,28867.148,6.1999974,MY,,,,,,
Greece,2012,,14876200000.0,242030000000.0,6.14642812874437,Greece,31860.057,8.335977,GR,,,,,,
Singapore,2014,15095000.0,19161000000.0,314860000000.0,6.085561837006924,Singapore,148692.52,9.354522,SG,,,,,,
Malaysia,2019,26101000.0,22200000000.0,365180000000.0,6.079193822224656,Malaysia,37823.5,8.154313,MY,2338000.0,,12377000.0,1773000.0,407000.0,18723000.0
Malaysia,2018,25832000.0,21775000000.0,358790000000.0,6.069009727138438,Malaysia,37333.03,8.092997,MY,2224000.0,,11830000.0,1713000.0,387000.0,18557000.0
Hungary,2018,57667000.0,9654900000.0,160570000000.0,6.01289157376845,Hungary,27740.646,5.0667534,HU,394000.0,46000.0,1065000.0,937000.0,70000.0,853000.0
Singapore,2016,16403000.0,18944000000.0,319030000000.0,5.937999561169796,Singapore,162248.22,7.0535355,SG,,,,,,
Singapore,2010,11642000.0,14178000000.0,239810000000.0,5.912180476210334,Singapore,149763.22,8.336908,SG,,,,,,
Hungary,2017,54962000.0,8377299999.999999,143110000000.0,5.853748864509817,Hungary,27509.97,5.0649333,HU,345000.0,56000.0,1241000.0,1003000.0,92000.0,739000.0
Austria,2005,19952000.0,18471000000.0,316090000000.0,5.843588851276535,Austria,51714.72,9.614327,AT,,,,,,
Austria,2019,31884000.0,25890100000.0,444600000000.0,5.82323436797121,Austria,48314.258,7.6527734,AT,1347000.0,,,357000.0,119000.0,234000.0
Hungary,2016,52890000.0,7468600000.0,128610000000.00002,5.807168960422984,Hungary,26030.773,4.8067236,HU,381000.0,59000.0,1234000.0,958000.0,82000.0,834000.0
Singapore,2017,17425000.0,19891000000.0,343270000000.0,5.794564045794855,Singapore,164801.44,6.94156,SG,,,,,,
Austria,2003,,15128000000.0,262270000000.0,5.768101574713082,Austria,50523.203,9.53213,AT,,,,,,
Spain,2018,124456000.0,81684200000.0,1421700000000.0,5.7455299992966165,Spain,34986.293,5.740303,ES,3614000.0,478000.0,12985000.0,2813000.0,787000.0,5371000.0
Spain,2017,121717000.0,75329400000.0,1313250000000.0,5.736105082809823,Spain,34520.543,5.8730726,ES,3547000.0,478000.0,12346000.0,2789000.0,655000.0,5293000.0
Austria,2004,19374000.0,17251000000.0,301460000000.0,5.722483911630067,Austria,51139.312,9.508893,AT,,,,,,
Spain,2019,126170000.0,79708800000.0,1394320000000.0,5.716679098054966,Spain,33764.863,5.318343,ES,3601000.0,477000.0,13076000.0,3176000.0,701000.0,5704000.0
Austria,2018,30816000.0,25277100000.0,454990000000.0,5.5555286929383065,Austria,46186.543,7.530316,AT,1306000.0,,,345000.0,115000.0,227000.0
Hungary,2015,48345000.0,6934200000.0,125170000000.0,5.539825836861867,Hungary,25501.146,4.745654,HU,358000.0,63000.0,1168000.0,946000.0,88000.0,837000.0
Singapore,2008,10116000.0,10615000000.0,193620000000.0,5.482388183038943,Singapore,140055.12,9.652978,SG,,,,,,
Turkiye,2019,51747000.0,41415000000.0,761010000000.0,5.442109827728939,Turkey,21973.062,4.8237195,,,,,,,
Greece,2005,15938000.0,13455000000.0,247880000000.0,5.428029691786349,Greece,35956.984,10.247849,GR,,,,,,
Singapore,2018,18508000.0,20416000000.0,376870000000.0,5.41725263353411,Singapore,163526.77,8.6052475,SG,,,,,,
Spain,2016,115561000.0,66802700000.0,1233560000000.0,5.415439865105872,Spain,34212.625,5.586633,ES,3547000.0,413000.0,12082000.0,2690000.0,651000.0,5095000.0
Austria,2017,29460000.0,22539400000.0,417260000000.0,5.40176388822317,Austria,47423.047,7.912326,AT,,,,,,
Singapore,2015,15231500.0,16617000000.0,308000000000.0,5.39512987012987,Singapore,155468.98,10.960185,SG,,,,,,
Greece,2003,,10852000000.0,202370000000.0,5.362454909324504,Greece,35850.453,9.816556,GR,,,,,,
Spain,2012,98128000.0,70835964000.0,1324750000000.0,5.347119381015286,Spain,35681.477,5.9470425,ES,,,,,,
Austria,2015,26728000.0,20360800000.0,381970000000.0,5.330470979396288,Austria,45686.785,7.6790557,AT,,,,,,
Greece,2004,14268000.0,12815000000.0,240960000000.0,5.318310092961488,Greece,35828.086,9.850148,GR,,,,,,
Hungary,2014,45984000.0,7483400000.0,141030000000.0,5.306246897823158,Hungary,24145.828,4.4377985,HU,,,,,,
Greece,2006,17284000.0,14502000000.0,273550000000.0,5.30140742094681,Greece,37034.242,10.122328,GR,,,,,,
Austria,2016,28121000.0,20978000000.0,395840000000.0,5.299616006467259,Austria,46698.785,7.694917,AT,,,,,,
Austria,2013,24813000.0,22741300000.0,430190000000.0,5.286338594574491,Austria,48493.574,7.9928894,AT,,,,,,
Greece,2011,,14871100000.0,283000000000.0,5.254805653710248,Greece,33738.633,8.587692,GR,,,,,,
Austria,2014,25291000.0,23174400000.0,442580000000.0,5.236205883682047,Austria,46196.465,7.509409,AT,,,,,,
Austria,2012,24151000.0,21389200000.0,409400000000.0,5.224523693209575,Austria,49174.594,7.9817066,AT,,,,,,
Spain,2015,109834000.0,62475600000.0,1196160000000.0,5.223013643659711,Spain,33920.24,5.8315663,ES,3032000.0,411000.0,11608000.0,2649000.0,747000.0,4776000.0
Spain,2014,107144000.0,71583600000.0,1371820000000.0,5.218148153547841,Spain,33478.24,5.470401,ES,,,,,,
Hungary,2011,41304000.0,7276300000.0,141940000000.0,5.126320980696069,Hungary,27072.97,5.048918,HU,,,,,,
Hungary,2010,39904000.0,6746200000.0,132180000000.0,5.103797851414738,Hungary,27819.338,5.215614,HU,,,,,,
Hungary,2009,40624000.0,6650088000.0,131070000000.0,5.073691920347906,Hungary,27245.459,5.1498055,HU,,,,,,
Singapore,2006,9751000.0,7536000000.0,148630000000.0,5.070308820561125,Singapore,131721.67,9.429944,SG,,,,,,
Spain,2011,99187000.0,74981678000.0,1480710000000.0,5.063900291076578,Spain,35901.07,6.0732718,ES,,,,,,
Spain,2013,103231000.0,68517600000.00001,1355580000000.0,5.05448590271323,Spain,34008.008,5.406043,ES,,,,,,
Singapore,2007,10285000.0,9066000000.0,180940000000.0,5.010500718470211,Singapore,136257.9,6.600801,SG,,,,,,
Austria,2008,21935000.0,21499200000.0,432050000000.0,4.976090730239555,Austria,50475.008,8.832387,AT,,,,,,
Hungary,2013,43611000.0,6675400000.0,135680000000.0,4.919958726415094,Hungary,24057.617,4.4134636,HU,,,,,,
Greece,2007,,15683000000.0,318900000000.0,4.917842583882095,Greece,37808.297,10.327349,GR,,,,,,
Singapore,2005,8943000.0,6209000000.0,127810000000.0,4.857992332368359,Singapore,123551.64,9.571876,SG,,,,,,
Greece,2008,,17212437000.0,355910000000.0,4.836176842460173,Greece,37168.062,10.03108,GR,,,,,,
Hungary,2003,,4119000000.0,85290000000.0,4.829405557509673,Hungary,28106.879,6.113894,HU,,,,,,
Austria,2009,21355000.0,19302800000.0,401760000000.0,4.804559936280366,Austria,48765.184,8.068539,AT,,,,,,
Hungary,2012,43565000.0,6156700000.0,128810000000.0,4.779675491033305,Hungary,25308.668,4.7186146,HU,,,,,,
Singapore,2009,9683000.0,9225000000.0,194150000000.0,4.75148081380376,Singapore,145354.05,9.030742,SG,,,,,,
Austria,2010,22004000.0,18577700000.0,392280000000.0,4.735826450494544,Austria,50240.96,8.611599,AT,,,,,,
Turkiye,2018,46113000.0,36791000000.0,778970000000.0,4.723031695700733,Turkey,21345.375,5.0967536,,,,,,,
Singapore,2004,8329000.0,5327000000.0,115030000000.0,4.630965834999565,Singapore,119262.51,10.972935,SG,,,,,,
Spain,2010,93744000.0,65652134999.99999,1422110000000.0,4.616530015259016,Spain,36714.2,6.0751605,ES,,,,,,
Austria,2011,23012000.0,19833000000.0,431690000000.0,4.594269035650583,Austria,47200.484,8.331258,AT,,,,,,
Hungary,2008,39554000.0,6997995000.0,158330000000.0,4.419879365881387,Hungary,29320.72,5.719186,HU,,,,,,
Greece,2009,,14562259000.0,331310000000.0,4.395357520147295,Greece,35855.25,9.43601,GR,,,,,,
Ukraine,2004,18583000.0,2931000000.0,67220000000.0,4.360309431716751,Ukraine,33554.93,6.5724263,UA,,,,,,
Greece,2010,,12843300000.0,297120000000.0,4.322596930533118,Greece,34298.055,8.823278,GR,,,,,,
Hungary,2006,38318000.0,4998000000.0,115720000000.0,4.319045973038368,Hungary,30034.668,5.9370995,HU,,,,,,
Czechia,2006,25102000.0,6702000000.0,156260000000.0,4.289005503647767,Czechia,51379.383,12.281157,CZ,,,,,,
Spain,2008,97670000.0,69759402000.0,1631860000000.0,4.274839875969752,Spain,39067.87,7.3072114,ES,,,,,,
Turkiye,2014,41627000.0,40028000000.0,938930000000.0,4.263150607606531,Turkey,18718.594,4.6603336,,,,,,,
Czechia,2005,24747000.0,5772000000.0,137139999999.99998,4.20883768411842,Czechia,50547.258,12.226581,CZ,,,,,,
Hungary,2005,36173000.0,4761000000.0,113210000000.0,4.205458881724229,Hungary,30582.84,5.9959826,HU,,,,,,
Turkiye,2015,41114000.0,35648000000.0,864310000000.0,4.12444608994458,Turkey,20173.496,4.8329964,,,,,,,
Czechia,2004,23808000.0,4931000000.0,119810000000.0,4.115683165011268,Czechia,51439.855,12.502834,CZ,,,,,,
Czechia,2007,22625000.0,7803000000.0,190180000000.0,4.1029550951729945,Czechia,50659.105,12.418669,CZ,,,,,,
Turkiye,2005,21125000.0,20760000000.0,506310000000.0,4.100254784618119,Turkey,14507.764,3.8552034,,,,,,,
Czechia,2003,,4069000000.0,100090000000.0,4.065341192926366,Czechia,50209.617,12.4484005,CZ,,,,,,
Turkiye,2009,31760000.0,26331000000.0,649290000000.0,4.055352769948714,Turkey,16535.234,4.3808856,,,,,,,
Hungary,2007,39379000.0,5628000000.0,140190000000.0,4.014551679863043,Hungary,29686.33,5.8390946,HU,,,,,,
Spain,2009,91899000.0,59315712000.0,1491470000000.0,3.976996654307495,Spain,35904.375,6.3945336,ES,,,,,,
Ukraine,2005,20489000.0,3542000000.0,89240000000.0,3.969072164948453,Ukraine,34223.043,6.6832886,UA,,,,,,
Turkiye,2013,39861000.0,37984000000.0,957800000000.0,3.965754854875757,Turkey,18532.307,4.535771,,,,,,,
Singapore,2003,,3842000000.0,97650000000.0,3.9344598054275473,Singapore,107484.375,11.696595,SG,,,,,,
Czechia,2012,25750000.0,8174100000.0,208860000000.0,3.913674231542661,Czechia,47515.48,10.588694,CZ,,,,,,
Czechia,2011,22810000.0,8929000000.0,229560000000.0,3.889614915490504,Czechia,47823.707,10.975403,CZ,,,,,,
Czechia,2010,21941000.0,8065400000.0,209070000000.0,3.8577509924905535,Czechia,49083.73,11.227283,CZ,,,,,,
Hungary,2004,33934000.0,4009000000.0,104120000000.0,3.8503649635036497,Hungary,28622.2,5.968768,HU,,,,,,
Czechia,2009,23285000.0,7874834000.0,207430000000.0,3.79638142987996,Czechia,47287.844,11.034769,CZ,,,,,,
Turkiye,2017,37970000.0,31993000000.0,858990000000.0,3.724490389876483,Turkey,21773.725,5.249139,,,,,,,
Czechia,2008,21850000.0,8801611000.0,236820000000.0,3.7165826366016383,Czechia,49488.312,11.846605,CZ,,,,,,
Czechia,2013,26332000.0,7792600000.0,211690000000.0,3.681137512400208,Czechia,46623.125,10.150955,CZ,,,,,,
United Arab Emirates,2014,,15221000000.0,414110000000.0,3.675593441356161,United Arab Emirates,127985.82,23.764606,AE,,,,,,
Czechia,2014,27166000.0,7619600000.0,209360000000.0,3.639472678639664,Czechia,45633.582,9.912944,CZ,,,,,,
Turkiye,2011,36769000.0,30302000000.0,838790000000.0,3.612584794763886,Turkey,18146.143,4.611562,,,,,,,
Czechia,2015,29604000.0,6766500000.0,188030000000.0,3.5986278785300216,Czechia,44728.676,9.9795,CZ,410000.0,,662000.0,273000.0,129000.0,818000.0
Ukraine,2006,21714000.0,4018000000.0,111880000000.0,3.5913478727207724,Ukraine,34864.605,7.148388,UA,,,,,,
Czechia,2016,32519000.0,7039700000.0,196270000000.0,3.5867427523309727,Czechia,44110.195,10.133462,CZ,419000.0,,679000.0,272000.0,130000.0,833000.0
Turkiye,2012,37715000.0,31566000000.0,880560000000.0,3.5847642409375853,Turkey,18988.32,4.7305965,,,,,,,
Ukraine,2009,24033000.0,4349000000.0,121550000000.0,3.5779514603044014,Ukraine,29011.01,6.0525475,UA,,,,,,
Ukraine,2007,26162000.0,5320000000.0,148730000000.0,3.5769515228938342,Ukraine,34933.59,7.2726684,UA,,,,,,
Ukraine,2008,28827000.0,6722000000.0,188110000000.0,3.573441071713359,Ukraine,33911.27,7.076913,UA,,,,,,
Austria,2020,15091000.0,15346500000.0,435050000000.0,3.527525571773359,Austria,45028.27,6.9738197,AT,1025000.0,,,121000.0,108000.0,123000.0
Czechia,2017,34701000.0,7655400000.0,218630000000.0,3.5015322691304944,Czechia,46583.094,10.233914,CZ,422000.0,,713000.0,272000.0,137000.0,844000.0
Turkiye,2006,19820000.0,19137000000.0,557080000000.0,3.4352337186759536,Turkey,15888.103,4.0569386,,,,,,,
Turkiye,2008,31138000.0,26446000000.0,770450000000.0,3.432539425011357,Turkey,16521.768,4.3552856,,,,,,,
Denmark,2017,30736000.0,11341800000.0,332120000000.0,3.414970492593038,Denmark,34656.133,6.0419893,DK,175000.0,76000.0,1178000.0,441000.0,62000.0,
South Africa,2003,,6674000000.0,197020000000.0,3.3874733529590904,South Africa,26150.76,8.406979,ZA,,,,,,
Turkiye,2010,32997000.0,26318000000.0,776970000000.0,3.387260769399076,Turkey,17211.758,4.3198514,,,,,,,
Czechia,2018,36268000.0,8281500000.0,249000000000.0,3.325903614457832,Czechia,46420.684,10.096103,CZ,427000.0,,714000.0,275000.0,140000.0,850000.0
Ukraine,2010,24114000.0,4696000000.0,141210000000.0,3.3255435167481058,Ukraine,31235.12,6.4436584,UA,,,,,,
Ukraine,2012,25061000.0,5988000000.0,182590000000.0,3.279478613286598,Ukraine,31779.547,6.704457,UA,,,,,,
Denmark,2018,30801000.0,11671600000.0,356840000000.0,3.2708216567649364,Denmark,34042.258,6.0015297,DK,177000.0,80000.0,1204000.0,451000.0,61000.0,
Greece,2020,7406000.0,6114300000.0,188480000000.0,3.2440046689303905,Greece,26343.523,5.2909575,GR,475000.0,8000.0,1797000.0,679000.0,130000.0,26000.0
Denmark,2019,33093000.0,11106400000.0,346500000000.0,3.2053102453102453,Denmark,33139.277,5.34005,DK,183000.0,80000.0,1235000.0,451000.0,63000.0,
Ukraine,2011,24535000.0,5406000000.0,169330000000.0,3.1925825311521883,Ukraine,32400.47,6.7751007,UA,,,,,,
Turkiye,2007,27215000.0,21662000000.0,681320000000.0,3.179416426935948,Turkey,16664.893,4.451517,,,,,,,
Slovak Republic,2019,,3353500000.0,105710000000.0,3.172358338851576,Slovakia,33892.78,6.1934304,,,,,,,
Czechia,2019,37202000.0,7968600000.0,252550000000.0,3.1552563848742823,Czechia,45355.285,9.588486,CZ,422000.0,,697000.0,273000.0,151000.0,853000.0
Hungary,2021,,5734588000.0,182090000000.0,3.149315173815146,Hungary,29247.697,5.0015383,HU,,,,,,
Denmark,2016,28692000.0,9857400000.0,313120000000.0,3.148122125702605,Denmark,34666.89,6.4688087,DK,169000.0,74000.0,1137000.0,440000.0,59000.0,
Slovak Republic,2017,15406000.0,3010200000.0,95650000000.0,3.147098797699948,Slovakia,35774.91,6.6393304,,,,,,,
Slovak Republic,2018,15299000.0,3326800000.0,106140000000.0,3.134350857358206,Slovakia,35121.086,6.628825,,,,,,,
Slovak Republic,2016,17376000.0,2809400000.0,89950000000.0,3.123290717065036,Slovakia,34015.234,6.4284835,,,,,,,
Ukraine,2013,26025000.0,5931000000.0,190500000000.0,3.113385826771654,Ukraine,30228.559,6.565836,UA,,,,,,
United Arab Emirates,2013,,12389000000.0,400220000000.0,3.0955474489031034,United Arab Emirates,129486.234,24.375996,AE,,,,,,
South Africa,2007,9208000.0,10226000000.0,333080000000.0,3.070133301308995,South Africa,27245.98,9.301619,ZA,,,,,,
Thailand,2020,,15360000000.0,500460000000.0,3.069176357750869,Thailand,19298.086,3.8034203,TH,,,,,,
Turkiye,2016,30907000.0,26505000000.0,869680000000.0,3.0476727072026493,Turkey,20824.393,5.010531,,,,,,,
South Africa,2006,8509000.0,9211000000.0,303860000000.0,3.03133021786349,South Africa,26793.564,9.027159,ZA,,,,,,
South Africa,2005,7518000.0,8629000000.0,288870000000.0,2.987156852563437,South Africa,26508.63,8.49093,ZA,,,,,,
Slovak Republic,2008,,2989323000.0,100880000000.0,2.963246431403648,Slovakia,39431.95,7.6861877,,,,,,,
South Africa,2004,6815000.0,7571000000.0,255810000000.0,2.959618466830851,South Africa,28271.896,9.253365,ZA,,,,,,
Denmark,2015,28209000.0,8936300000.0,302670000000.0,2.9524895100274224,Denmark,34312.848,6.1838393,DK,167000.0,71000.0,1068000.0,438000.0,56000.0,
Denmark,2014,28070000.0,10416700000.0,352990000000.0,2.950990113034364,Denmark,35394.48,6.649033,DK,,,,,,
Netherlands,2019,20129000.0,26825100000.0,910190000000.0,2.9471978378140826,Netherlands,58836.934,8.783454,NL,1154000.0,588000.0,5025000.0,,,
Netherlands,2018,18780000.0,26605800000.0,914040000000.0,2.9107916502560065,Netherlands,59348.1,9.148068,NL,,,,,,
South Africa,2008,9729000.0,9178890000.0,316130000000.0,2.903517540252428,South Africa,28867.244,9.792601,ZA,,,,,,
United Arab Emirates,2009,,7352000000.0,253550000000.0,2.899625320449616,United Arab Emirates,115803.19,21.020948,AE,,,,,,
Denmark,2013,26516000.0,9957300000.0,343580000000.0,2.8981023342453,Denmark,36936.71,7.424016,DK,,,,,,
Netherlands,2017,17924000.0,23882600000.0,833870000000.0,2.864067540503916,Netherlands,61101.004,9.4264345,NL,,,,,,
United Arab Emirates,2010,,8577000000.0,300190000000.0,2.8571904460508346,United Arab Emirates,114656.625,21.79288,AE,,,,,,
United Arab Emirates,2012,,10924000000.0,384610000000.0,2.840279763916695,United Arab Emirates,123958.766,23.934546,AE,,,,,,
Slovak Republic,2009,,2528278000.0,89400000000.0,2.8280514541387025,Slovakia,35687.54,6.9820256,,,,,,,
Slovak Republic,2015,14936000.0,2484000000.0,88900000000.0,2.7941507311586053,Slovakia,33734.29,6.3549194,,,,,,,
South Africa,2014,14530000.0,10484152000.0,381200000000.0,2.750302203567681,South Africa,26411.893,8.621777,ZA,,,,,,
Poland,2007,66208000.0,11729000000.0,429020000000.0,2.7339051792457227,Poland,28913.844,8.720246,PL,,,,,,
France,2015,203302000.0,66461000000.0,2439190000000.0,2.7247159917841577,France,43929.527,5.1937885,FR,1718000.0,405000.0,6272000.0,2716000.0,455000.0,1135000.0
South Africa,2016,15121000.0,8807601000.0,323590000000.0,2.721839673661114,South Africa,26236.475,8.099157,ZA,1276000.0,,1223000.0,1956000.0,308000.0,1542000.0
Slovak Republic,2007,,2352000000.0,86560000000.0,2.717190388170055,Slovakia,38418.406,7.6178136,,,,,,,
Netherlands,2016,15828000.0,21152100000.0,784060000000.0,2.697765477131852,Netherlands,60943.15,9.617285,NL,,,,,,
Poland,2019,88515000.0,16021900000.0,596060000000.0,2.6879676542629936,Poland,30777.799,8.252866,PL,,,,,,
Denmark,2012,26402000.0,8763500000.0,327150000000.0,2.6787406388506803,Denmark,35563.973,7.1168685,DK,,,,,,
Poland,2018,85946000.0,15719700000.0,588780000000.0,2.669876694181188,Poland,31661.174,8.72451,PL,,,,,,
Poland,2017,83804000.0,14001700000.0,524640000000.0,2.668820524550168,Poland,31295.422,8.739704,PL,,,,,,
Hungary,2020,31641000.0,4191600000.000001,157230000000.0,2.6659034535394013,Hungary,27724.254,4.8546357,HU,306000.0,44000.0,912000.0,955000.0,87000.0,870000.0
Netherlands,2015,15007000.0,20313500000.0,765570000000.0,2.653382447065585,Netherlands,60683.023,9.612182,NL,,,,,,
South Africa,2015,13952000.0,9139363000.0,346710000000.0,2.636025208387413,South Africa,25352.562,7.9858437,ZA,1329000.0,,1131000.0,2092000.0,291000.0,1512000.0
Slovak Republic,2013,12583000.0,2607500000.0,98940000000.0,2.6354356175459874,Slovakia,35936.51,6.5690103,,,,,,,
South Africa,2009,9532000.0,8683920000.0,329750000000.0,2.633485974222896,South Africa,28399.283,9.3915415,ZA,,,,,,
South Africa,2013,14318000.0,10467550000.0,400890000000.0,2.61107785177979,South Africa,26525.145,8.513041,ZA,,,,,,
France,2018,211998000.0,72693600000.0,2790960000000.0,2.6046091667383267,France,43334.203,5.010727,FR,1760000.0,406000.0,7103000.0,2747000.0,455000.0,1211000.0
France,2019,217877000.0,70867200000.0,2728870000000.0,2.5969430570162744,France,42326.785,4.898306,FR,1787000.0,545000.0,8603000.0,2006000.0,461000.0,1556000.0
France,2017,207274000.0,67342600000.00001,2595150000000.0,2.5949405622025705,France,42633.387,5.2521734,FR,1734000.0,414000.0,6918000.0,2717000.0,452000.0,1232000.0
Denmark,2011,25811000.0,8916400000.0,344000000000.0,2.5919767441860464,Denmark,38406.094,7.933418,DK,,,,,,
Italy,2019,95399000.0,51988200000.0,2011300000000.0,2.5848058469646498,Italy,30464.062,5.699218,IT,,,,,,
South Africa,2012,13069000.0,11201690000.0,434400000000.0,2.5786579189686925,South Africa,26770.203,8.635881,ZA,,,,,,
Slovak Republic,2010,,2339324000.0,91160000000.0,2.5661737604212376,Slovakia,38080.727,7.1174145,,,,,,,
France,2016,203042000.0,63387900000.0,2472960000000.0,2.563240003881988,France,43053.95,5.2197,FR,1723000.0,409000.0,6561000.0,2705000.0,449000.0,1166000.0
Poland,2004,61918000.0,6521000000.0,255110000000.0,2.556152248049861,Poland,26977.344,8.38931,PL,,,,,,
United Arab Emirates,2011,,9204000000.0,360830000000.0,2.550785688551396,United Arab Emirates,119056.13,23.040035,AE,,,,,,
South Africa,2017,14975000.0,9706288000.0,381450000000.0,2.5445767466247213,South Africa,26033.504,7.757252,ZA,1273000.0,,944000.0,1870000.0,310000.0,1362000.0
Poland,2016,80476000.0,11902600000.0,470020000000.0,2.532360325092549,Poland,30122.61,8.396815,PL,,,,,,
France,2003,,46576000000.0,1844540000000.0,2.525074002190248,France,52657.883,6.905554,FR,,,,,,
Slovak Republic,2014,11556000.0,2556600000.0,101440000000.0,2.5203075709779177,Slovakia,33419.594,6.210572,,,,,,,
Netherlands,2003,,14603000000.0,580070000000.0,2.517454789939145,Netherlands,65296.625,11.154617,NL,,,,,,
Slovak Republic,2011,,2509528000.0,99920000000.0,2.511537229783827,Slovakia,36591.31,7.031431,,,,,,,
Slovak Republic,2012,,2371728000.0,94620000000.0,2.506582117945466,Slovakia,35105.086,6.6391897,,,,,,,
Netherlands,2004,9646000.0,16495000000.0,658380000000.0,2.5053920228439504,Netherlands,67222.88,11.223762,NL,,,,,,
France,2004,190282000.0,53068000000.0,2119630000000.0,2.503644503993621,France,52754.13,6.8819523,FR,,,,,,
Austria,2021,,11938583000.0,479300000000.0,2.490837262674734,Austria,45241.05,7.3994617,AT,,,,,,
Netherlands,2014,13925000.0,22220300000.0,892170000000.0,2.4905903583397784,Netherlands,59946.082,9.287887,NL,,,,,,
Denmark,2008,26870000.0,8751640000.0,353360000000.0,2.476692325107539,Denmark,41183.277,9.3146715,DK,,,,,,
Italy,2018,93228601.5625,51796400000.0,2091930000000.0,2.4760101915456065,Italy,30957.242,5.8423834,IT,,,,,,
South Africa,2010,11303000.0,10308600000.0,417360000000.0,2.469953996549741,South Africa,28247.576,8.940819,ZA,,,,,,
Denmark,2003,,5271000000.0,218100000000.0,2.416781292984869,Denmark,47297.21,11.238224,DK,,,,,,
South Africa,2018,15004000.0,9789507000.0,405260000000.0,2.4156114593100724,South Africa,24742.117,7.5905123,ZA,1258000.0,,967000.0,2017000.0,313000.0,1562000.0
Denmark,2010,26730000.0,7778200000.0,322000000000.0,2.4155900621118014,Denmark,41063.633,8.86165,DK,,,,,,
Netherlands,2012,11680000.0,20219939000.0,838920000000.0,2.4102344681256853,Netherlands,65277.332,9.858733,NL,,,,,,
France,2007,193319000.0,63890000000.0,2660590000000.0,2.4013470696349306,France,50095.92,6.4601693,FR,,,,,,
France,2012,197522000.0,64306300000.0,2683670000000.0,2.3962074323594185,France,45681.15,5.651444,FR,,,,,,
Poland,2008,59935000.0,12711476000.0,533600000000.0,2.382210644677661,Poland,29419.19,8.555099,PL,,,,,,
Poland,2013,72310000.0,12261500000.0,515760000000.0,2.3773654412905225,Poland,29578.533,8.3384905,PL,,,,,,
France,2005,185829000.0,52126000000.0,2196950000000.0,2.372652996199277,France,52097.117,6.877385,FR,,,,,,
Poland,2012,67390000.0,11728100000.0,495230000000.0,2.368212749631484,Poland,29494.252,8.43873,PL,,,,,,
Saudi Arabia,2019,20292000.0,19849000000.0,838560000000.0,2.3670339629841632,Saudi Arabia,82989.266,19.737017,SA,1247000.0,721000.0,3065000.0,943000.0,263000.0,193000.0
Poland,2006,65115000.0,8153000000.0,344630000000.0,2.3657255607463075,Poland,28976.988,8.731447,PL,,,,,,
Italy,2017,89931000.0,46360200000.0,1961800000000.0,2.363146090325212,Italy,30716.617,5.889915,IT,,,,,,
United Arab Emirates,2007,,6072000000.0,257920000000.00003,2.3542183622828783,United Arab Emirates,139351.47,22.668598,AE,,,,,,
France,2006,193882000.0,54615000000.0,2320540000000.0,2.3535470192282832,France,51332.477,6.6696563,FR,,,,,,
France,2013,204410000.0,66169500000.0,2811880000000.0,2.3532120858642616,France,45921.207,5.6601634,FR,,,,,,
France,2014,206599000.0,67113300000.0,2855960000000.0,2.3499383744870377,France,43808.914,5.1425886,FR,,,,,,
Poland,2014,73750000.0,12666600000.0,539080000000.00006,2.349669807820731,Poland,28535.256,8.024037,PL,,,,,,
United Kingdom,2016,39129000.0,63002300000.0,2689110000000.0,2.34286808646727,United Kingdom,34296.684,6.0837545,GB,2935000.0,852000.0,13963000.0,2329000.0,1000000.0,6350000.0
Poland,2005,64606000.0,7161000000.0,306150000000.0,2.3390494855463007,Poland,27590.934,8.36701,PL,,,,,,
Slovak Republic,2006,,1655000000.0,70770000000.0,2.338561537374594,Slovakia,40946.383,7.9155583,,,,,,,
Poland,2015,77743000.0,11154100000.0,477110000000.0,2.337846618180294,Poland,28851.459,8.111281,PL,,,,,,
South Africa,2011,12097000.0,10706330000.0,458200000000.0,2.3366062854648626,South Africa,27552.764,8.884027,ZA,,,,,,
Denmark,2009,26571000.0,7501394000.0,321240000000.0,2.335136969244179,Denmark,38827.246,8.839558,DK,,,,,,
South Africa,2019,14797000.0,9063867000.0,389330000000.0,2.3280679629106413,South Africa,25511.209,8.012615,ZA,1183000.0,,1478000.0,2764000.0,325000.0,1985000.0
Ukraine,2003,,1204000000.0,52010000000.0,2.314939434724092,Ukraine,33439.895,6.4539695,UA,,,,,,
Netherlands,2011,11300000.0,20925357000.0,905270000000.0,2.311504523512322,Netherlands,66766.09,10.126284,NL,,,,,,
France,2011,196595000.0,65728100000.00001,2865160000000.0,2.294046405785367,France,45914.77,5.640582,FR,,,,,,
France,2008,193571000.0,66878091000.0,2930300000000.0,2.282295020987612,France,49932.984,6.3094783,FR,,,,,,
United Arab Emirates,2008,,7162000000.0,315470000000.0,2.270263416489682,United Arab Emirates,134274.22,21.990328,AE,,,,,,
Italy,2015,81068000.0,41537100000.0,1836640000000.0,2.2615809303946337,Italy,30129.14,6.0089397,IT,,,,,,
Italy,2016,84925000.0,42338400000.0,1877070000000.0,2.2555578641180136,Italy,30305.607,5.9684334,IT,,,,,,
United Kingdom,2015,36792000.0,66023899999.99999,2927910000000.0,2.25498393051699,United Kingdom,34890.32,6.4770393,GB,3715000.0,836000.0,14200000.0,2240000.0,1054000.0,5923000.0
Denmark,2004,22054000.0,5652000000.0,251370000000.0,2.2484783387039027,Denmark,44621.56,10.174345,DK,,,,,,
United Arab Emirates,2006,,4972000000.0,222120000000.0,2.23842967765172,United Arab Emirates,151316.52,24.843065,AE,,,,,,
Netherlands,2013,12783000.0,19429300000.0,877170000000.0,2.2149982329537035,Netherlands,63014.336,9.774754,NL,,,,,,
Poland,2009,53840000.0,9735141000.0,439730000000.0,2.2138905692129263,Poland,28364.893,8.196572,PL,,,,,,
Italy,2014,77694000.0,47777500000.0,2162010000000.0,2.209864894241932,Italy,29214.832,5.804219,IT,,,,,,
Netherlands,2010,10883000.0,18709279000.0,847380000000.0,2.207897165380349,Netherlands,70448.46,10.974161,NL,,,,,,
Poland,2011,60745000.0,11406900000.0,524370000000.0,2.175353281080153,Poland,30370.395,8.63779,PL,,,,,,
Poland,2003,,4733000000.0,217830000000.0,2.1727952990864434,Poland,26777.979,8.258339,PL,,,,,,
France,2009,192369000.0,58610002000.0,2700890000000.0,2.170025510109631,France,46864.53,5.974326,FR,,,,,,
Italy,2013,76762000.0,46271000000.0,2141920000000.0,2.160258086203033,Italy,30816.12,6.1389084,IT,,,,,,
France,2010,189826000.0,56735900000.0,2645190000000.0,2.144870500795784,France,48006.33,6.0303707,FR,,,,,,
Italy,2006,66353000.0,41666000000.0,1949550000000.0,2.137211151291324,Italy,37481.96,8.504796,IT,,,,,,
Netherlands,2008,10104000.0,20226717000.0,951870000000.0,2.1249453181631948,Netherlands,66484.65,10.674526,NL,,,,,,
Saudi Arabia,2017,18607000.0,15020000000.0,714990000000.0,2.100728681520021,Saudi Arabia,93054.375,19.912016,SA,1150000.0,665000.0,2895000.0,883000.0,251000.0,181000.0
Italy,2004,58480000.0,37893000000.0,1806540000000.0,2.097545584376764,Italy,37979.51,8.669648,IT,,,,,,
Poland,2010,58340000.0,9929700000.0,475700000000.0,2.0873870086188773,Poland,30213.855,8.659261,PL,,,,,,
Italy,2007,70271000.0,46134000000.0,2213100000000.0,2.084587230581537,Italy,36549.08,8.3475,IT,,,,,,
Italy,2012,76293000.0,43268400000.0,2086960000000.0,2.073274044543259,Italy,32295.604,6.716391,IT,,,,,,
Italy,2003,,32623000000.0,1577620000000.0,2.06786171574904,Italy,37436.27,8.637428,IT,,,,,,
Italy,2005,59230000.0,38364000000.0,1858220000000.0,2.064556403439851,Italy,37805.06,8.631403,IT,,,,,,
United Kingdom,2014,35337000.0,62938600000.0,3064710000000.0,2.053655973974699,United Kingdom,34583.77,6.774484,GB,,,,,,
Slovak Republic,2005,,1282000000.0,62810000000.0,2.041076261741761,Slovakia,42086.473,7.9606605,,,,,,,
Netherlands,2009,9921000.0,17762030000.0,871520000000.0,2.038051909307876,Netherlands,65268.383,10.300809,NL,,,,,,
United Kingdom,2013,33567000.0,56385300000.0,2784850000000.0,2.0247158733863584,United Kingdom,36881.977,7.4275928,GB,,,,,,
Saudi Arabia,2016,20887000.0,13438000000.0,666000000000.0,2.017717717717717,Saudi Arabia,95158.55,20.87068,SA,1083000.0,,2831000.0,847000.0,241000.0,171000.0
Saudi Arabia,2018,17570000.0,16974000000.0,846580000000.0,2.0050083866852515,Saudi Arabia,88573.47,19.615448,SA,1189000.0,687000.0,2985000.0,909000.0,256000.0,186000.0
Denmark,2005,26927000.0,5293000000.0,264470000000.00003,2.001361212992021,Denmark,41866.43,9.479754,DK,,,,,,
Italy,2008,70719000.0,48073314000.0,2408660000000.0,1.9958530469223552,Italy,35659.477,8.089209,IT,,,,,,
Mexico,2019,97406000.0,25847600000.0,1305210000000.0,1.9803403283762768,Mexico,17903.295,3.744022,MX,1500000.0,300000.0,6658000.0,5848000.0,146000.0,8406000.0
Denmark,2006,26936000.0,5562000000.0,282880000000.0,1.9662047511312213,Denmark,46091.766,10.901747,DK,,,,,,
Italy,2011,75866000.0,45114200000.0,2294990000000.0,1.9657689140257693,Italy,33284.145,7.0759273,IT,,,,,,
Canada,2019,32430000.0,33406100000.0,1743730000000.0,1.9157839803180536,Canada,107980.76,15.41972,CA,,,,,,
Turkiye,2020,15971000.0,13771000000.0,720340000000.0,1.911736124607824,Turkey,21435.07,4.907883,,,,,,,
Mexico,2018,96497000.0,23802700000.0,1256300000000.0,1.894666878930192,Mexico,18269.648,3.792204,MX,1509000.0,283000.0,6516000.0,5795000.0,150000.0,8593000.0
Italy,2009,71692000.0,41638913000.0,2199930000000.0,1.8927380871209536,Italy,33102.94,7.1345263,IT,,,,,,
Italy,2010,73225000.0,40414600000.0,2136100000000.0,1.8919807125134591,Italy,34046.293,7.297165,IT,,,,,,
Mexico,2017,99349000.0,22467000000.0,1190720000000.0,1.886841574845472,Mexico,18689.648,3.7904897,MX,1505000.0,247000.0,6335000.0,5704000.0,160000.0,8836000.0
United Kingdom,2012,32221000.0,51002300000.0,2707090000000.0,1.8840267593615283,United Kingdom,37292.91,7.6396565,GB,,,,,,
Denmark,2007,27138000.0,5978000000.0,319420000000.0,1.87151712478868,Denmark,43548.508,9.983965,DK,,,,,,
Slovak Republic,2003,,876000000.0,46920000000.0,1.867007672634272,Slovakia,40913.17,7.8711815,,,,,,,
Mexico,2016,94853000.0,20619200000.0,1112230000000.0,1.853861161810057,Mexico,18538.975,3.9482622,MX,1513000.0,247000.0,6309000.0,5577000.0,155000.0,8621000.0
United Kingdom,2019,40857000.0,52721000000.0,2851410000000.0,1.8489449079578173,United Kingdom,32893.76,5.4621234,GB,,,,,,
Ukraine,2016,13734000.0,1723000000.0,93360000000.0,1.8455441302485005,Ukraine,23419.848,5.2184343,UA,,,,,,
Ukraine,2015,13025000.0,1662000000.0,91030000000.0,1.8257717236076016,Ukraine,22306.594,4.974984,UA,,,,,,
Ukraine,2017,14579000.0,2019000000.0,112090000000.0,1.801231153537336,Ukraine,21840.365,4.9953985,UA,,,,,,
United Kingdom,2017,41080000.0,48018100000.0,2680150000000.0,1.7916198720220884,United Kingdom,34098.812,5.8634415,GB,,,,,,
Canada,2018,31274000.0,30836900000.0,1725330000000.0,1.7873044576979475,Canada,110059.28,15.581538,CA,,,,,,
United Arab Emirates,2005,,3218000000.0,180620000000.0,1.7816410142841324,United Arab Emirates,164587.45,26.722624,AE,,,,,,
United Kingdom,2011,31886000.0,47075100000.0,2663810000000.0,1.7672093730408698,United Kingdom,37007.074,7.422031,GB,,,,,,
United Kingdom,2018,40283000.0,50049900000.0,2871340000000.0,1.743085110087973,United Kingdom,33771.496,5.7159815,GB,,,,,,
Ukraine,2018,14342000.0,2269000000.0,130889999999.99998,1.7335166934066777,Ukraine,22768.459,5.212142,UA,,,,,,
Canada,2017,31081000.0,28459100000.0,1649270000000.0,1.72555736780515,Canada,110509.586,15.50163,CA,,,,,,
Ukraine,2014,13227000.0,2264000000.0,133500000000.0,1.695880149812734,Ukraine,26764.613,5.706534,UA,,,,,,
Ukraine,2019,13710000.0,2595000000.0,153880000000.0,1.6863789966207434,Ukraine,21661.146,5.020078,UA,,,,,,
Canada,2016,30142000.0,25685400000.0,1527990000000.0,1.6809926766536432,Canada,110180.79,15.44268,CA,,,,,,
Saudi Arabia,2015,21834000.0,11183000000.0,669480000000.0,1.6704009081675328,Saudi Arabia,93332.54,20.728325,SA,1052000.0,,2682000.0,796000.0,152000.0,91000.0
United Kingdom,2010,30398000.0,41474300000.0,2485480000000.0,1.6686635981782192,United Kingdom,39540.008,8.156536,GB,,,,,,
Saudi Arabia,2007,13479000.0,6907000000.0,415960000000.0,1.6604962015578422,Saudi Arabia,73638.34,14.9281,SA,,,,,,
United Kingdom,2008,31888000.0,47637000000.0,2929410000000.0,1.6261636302190543,United Kingdom,41451.902,8.825938,GB,,,,,,
Slovak Republic,2004,,931000000.0,57440000000.0,1.6208217270194984,Slovakia,40008.508,7.96147,,,,,,,
United Kingdom,2009,31072000.0,38608700000.0,2412840000000.0,1.6001351104922,United Kingdom,39040.56,7.938317,GB,,,,,,
Saudi Arabia,2003,,3418000000.0,215810000000.0,1.58380056531208,Saudi Arabia,67781.13,14.426714,SA,,,,,,
Czechia,2020,,3886100000.0,245970000000.0,1.5799081188762856,Czechia,42025.31,8.707416,CZ,431000.0,,687000.0,276000.0,140000.0,853000.0
Saudi Arabia,2009,13319000.0,6744000000.0,429100000000.0,1.5716616173386155,Saudi Arabia,77417.27,16.613474,SA,,,,,,
Mexico,2015,87129000.0,18728200000.0,1213290000000.0,1.5435880951792234,Mexico,18335.252,3.9910128,MX,1481000.0,211000.0,6160000.0,5462000.0,190000.0,8597000.0
Germany,2006,23569000.0,45560000000.0,2994700000000.0,1.5213543927605435,Germany,50043.03,10.809575,DE,,,,,,
Germany,2018,38881000.0,59797700000.0,3974440000000.0,1.504556616781232,Germany,45781.406,9.105443,DE,5146000.0,702000.0,15171000.0,,965000.0,
Germany,2016,35555000.0,52199400000.0,3469850000000.0,1.504370505929651,Germany,46675.777,9.738013,DE,5034000.0,669000.0,14447000.0,5038000.0,926000.0,
Germany,2014,32999000.0,58160400000.0,3889090000000.0,1.4954758053940638,Germany,45327.562,9.708648,DE,,,,,,
Germany,2015,34970000.0,50187800000.0,3357590000000.0,1.4947566558156296,Germany,46066.887,9.724056,DE,4899000.0,636000.0,13603000.0,4793000.0,882000.0,
Canada,2015,27555000.0,23083700000.0,1556510000000.0,1.4830421905416604,Canada,112891.76,15.971075,CA,,,,,,
Canada,2004,38845000.0,15135000000.0,1026690000000.0,1.4741548081699445,Canada,118078.05,18.165436,CA,,,,,,
Germany,2013,31545000.0,54944200000.0,3733800000000.0,1.471535700894531,Germany,47361.547,10.208109,DE,,,,,,
Poland,2020,,8803900000.0,599440000000.0,1.4686874416121714,Poland,29514.133,7.870152,PL,,,,,,
Germany,2012,30411000.0,51724300000.0,3527140000000.0,1.4664657484534211,Germany,46132.67,9.967624,DE,,,,,,
Germany,2010,26875000.0,49284800000.0,3399670000000.0,1.4496936467363009,Germany,47305.82,10.219843,DE,,,,,,
Spain,2020,36410000.0,18505900000.0,1278130000000.0,1.4478887124157949,Spain,30391.29,4.510309,ES,2762000.0,425000.0,11134000.0,2884000.0,631000.0,5501000.0
Germany,2007,24421000.0,49320000000.0,3425580000000.0,1.4397561872733962,Germany,47958.13,10.472896,DE,,,,,,
Saudi Arabia,2010,13025000.0,7536000000.0,528210000000.00006,1.4267052876696766,Saudi Arabia,83337.16,17.836441,SA,,,,,,
Germany,2011,28374000.0,53403700000.0,3749320000000.0,1.4243569500602775,Germany,45571.504,9.918698,DE,,,,,,
Germany,2005,21500000.0,40518000000.0,2846860000000.0,1.42325228497362,Germany,48793.566,10.656909,DE,,,,,,
Germany,2008,24884000.0,53187828000.0,3745260000000.0,1.4201371333365371,Germany,48445.984,10.500914,DE,,,,,,
Mexico,2004,99250000.0,11609000000.0,819460000000.0,1.4166646328069703,Mexico,17731.264,4.2214255,MX,,,,,,
Mexico,2005,103146000.0,12801000000.0,917570000000.0,1.395097921684449,Mexico,19153.719,4.39713,MX,,,,,,
Germany,2009,24220000.0,47203349000.0,3411260000000.0,1.3837511359439034,Germany,45436.277,9.700711,DE,,,,,,
Saudi Arabia,2011,15776000.0,9317000000.0,676630000000.0,1.3769711659252473,Saudi Arabia,84816.25,16.680273,SA,,,,,,
Netherlands,2020,7265000.0,12459800000.0,909790000000.0,1.369524835401576,Netherlands,56705.54,7.8398657,NL,,,,,,
Canada,2003,,12236000000.0,895540000000.0,1.3663264622462423,Canada,117365.12,18.388273,CA,,,,,,
Russian Federation,2003,,5879000000.0,430350000000.0,1.3660973626118276,Russia,51387.617,10.604023,RU,,,,,,
Denmark,2021,,5534814000.0,405690000000.0,1.3642963839384752,Denmark,32148.652,5.057577,DK,,,,,,
Denmark,2020,15595000.0,4837900000.0,354760000000.0,1.3637106776412222,Denmark,29380.422,4.8577814,DK,131000.0,65000.0,1054000.0,386000.0,40000.0,
Canada,2014,25558000.0,24580200000.0,1805750000000.0,1.3612183303336565,Canada,113198.414,15.996587,CA,,,,,,
France,2020,117109000.0,35915200000.0,2647420000000.0,1.3566113423635089,France,38063.406,4.366297,FR,1473000.0,470000.0,7823000.0,1839000.0,396000.0,1400000.0
Canada,2005,36160000.0,15891000000.0,1173110000000.0,1.3546044275472888,Canada,117744.77,17.840984,CA,,,,,,
Mexico,2009,88044000.0,12542000000.0,943440000000.0,1.329390316289324,Mexico,19065.637,4.146058,MX,,,,,,
Mexico,2003,,10058000000.0,765550000000.0,1.3138266605708315,Mexico,16996.574,4.2583475,MX,,,,,,
Canada,2013,25167000.0,24190000000.0,1846600000000.0,1.3099750893534063,Canada,114051.086,16.243002,CA,,,,,,
Mexico,2006,97701000.0,13329000000.0,1020270000000.0,1.3064188891175863,Mexico,19171.469,4.441561,MX,,,,,,
Saudi Arabia,2008,17717000.0,6775000000.0,519800000000.0,1.3033859176606388,Saudi Arabia,77575.414,16.049057,SA,,,,,,
Germany,2004,20137000.0,36417000000.0,2814350000000.0,1.2939755183257236,Germany,49342.406,10.897857,DE,,,,,,
Canada,2012,25318000.0,23438900000.0,1828370000000.0,1.2819560592221486,Canada,112586.7,16.308767,CA,,,,,,
Canada,2006,33390000.0,16837000000.0,1319260000000.0,1.2762457741461122,Canada,115946.31,17.477772,CA,,,,,,
Mexico,2007,93582000.0,14055000000.0,1102360000000.0,1.2749918356979573,Mexico,19098.814,4.3742833,MX,,,,,,
United States,2014,178311359.375,222747000000.0,17550680000000.0,1.2691644996091318,United States,80725.086,17.168007,US,,,,,,
Mexico,2008,92948000.0,14725800000.0,1161550000000.0,1.2677715122035211,Mexico,19633.797,4.313347,MX,,,,,,
United States,2015,176864531.25,230574000000.0,18206020000000.0,1.2664712001854332,United States,79317.37,16.562983,US,14601000.0,139000.0,16623000.0,10871000.0,1841000.0,12809000.0
United States,2013,179309906.25,213103000000.0,16843189999999.998,1.2652175745805874,United States,80556.516,17.158995,US,,,,,,
Canada,2008,27370000.0,19603800000.0,1552990000000.0,1.2623262223195255,Canada,116479.15,17.364056,CA,,,,,,
Canada,2010,25621000.0,20240600000.0,1617340000000.0,1.2514746435505213,Canada,110485.93,16.372383,CA,,,,,,
Slovak Republic,2020,,1327500000.0,106730000000.0,1.243792748055842,Slovakia,33193.33,5.698817,,,,,,,
Canada,2011,25066000.0,22296500000.0,1793330000000.0,1.2433015674750325,Canada,113449.32,16.468409,CA,,,,,,
Russian Federation,2004,22064000.0,7262000000.0,591020000000.0,1.2287232242563704,Russia,52053.33,10.695656,RU,,,,,,
Canada,2007,30373000.0,17962000000.0,1468820000000.0,1.2228863986056837,Canada,119158.6,18.06789,CA,,,,,,
United States,2016,175261484.375,228551000000.0,18695110000000.0,1.2225175460320907,United States,78613.54,16.053692,US,14810000.0,134000.0,16836000.0,11158000.0,1961000.0,12994000.0
Canada,2009,24696000.0,16767800000.0,1374630000000.0,1.21980460196562,Canada,110665.805,16.197563,CA,,,,,,
Mexico,2014,81042000.0,16606900000.000002,1364510000000.0,1.2170596038138235,Mexico,18757.031,4.076545,MX,,,,,,
Netherlands,2021,,12482644000.0,1029680000000.0,1.2122838163312872,Netherlands,58009.895,7.993908,NL,,,,,,
Saudi Arabia,2014,23010000.0,9263000000.0,766610000000.0,1.2083067009300688,Saudi Arabia,91258.06,19.076452,SA,,,,,,
Germany,2003,,30129000000.0,2501640000000.0,1.2043699333237396,Germany,49300.902,11.061999,DE,,,,,,
United States,2012,171629890.625,195114000000.0,16253970000000.0,1.2004082694873928,United States,79102.34,16.876879,US,,,,,,
United States,2017,174291750.0,233759000000.0,19477340000000.0,1.200158748576551,United States,78289.01,15.804429,US,15127000.0,132000.0,16521000.0,11597000.0,1983000.0,12987000.0
United States,2018,169324921.875,241985000000.0,20533060000000.0,1.178514064635276,United States,80583.34,16.191355,US,15370000.0,160000.0,17760000.0,7950000.0,2040000.0,17750000.0
United Arab Emirates,2003,,1438000000.0,124350000000.0,1.1564133494169682,United Arab Emirates,165507.6,27.912537,AE,,,,,,
Saudi Arabia,2013,19934000.0,8690000000.0,753860000000.0,1.1527339293768073,Saudi Arabia,86753.6,17.297338,SA,,,,,,
United States,2011,147271421.875,178935000000.0,15599730000000.0,1.1470390833687507,United States,81962.36,17.669733,US,,,,,,
Mexico,2010,81953000.0,12627800000.0,1105420000000.0,1.1423531327459246,Mexico,18870.824,4.057475,MX,,,,,,
Saudi Arabia,2012,19847000.0,8400000000.0,741850000000.0,1.132304374199636,Saudi Arabia,88062.086,18.390554,SA,,,,,,
Russian Federation,2018,,18735400000.0,1657330000000.0,1.1304568191006017,Russia,57958.258,11.757415,RU,,,,,667000.0,
Russian Federation,2018,24551000.0,18735000000.0,1657330000000.0,1.1304326838951808,Russia,57958.258,11.757415,RU,,,,,667000.0,
United States,2019,165478000.0,239446000000.0,21380980000000.0,1.1199018941133665,United States,79489.016,15.739861,US,15650000.0,150000.0,17010000.0,8180000.0,2030000.0,17680000.0
Germany,2017,37452000.0,40095800000.0,3690850000000.0,1.0863568012788385,Germany,47112.9,9.512761,DE,5182000.0,714000.0,14822000.0,,944000.0,
Mexico,2013,78100000.0,14311000000.0,1327440000000.0,1.0780901585005724,Mexico,19108.69,4.2244205,MX,,,,,,
United Arab Emirates,2004,,1593000000.0,147820000000.0,1.077662021377351,United Arab Emirates,169047.55,27.972178,AE,,,,,,
United States,2010,162275000.0,161821000000.0,15048960000000.0,1.0752968975929234,United States,83397.48,18.25202,US,,,,,,
Germany,2019,39563000.0,41805700000.0,3889180000000.0,1.0749232486025333,Germany,44467.746,8.508805,DE,4860000.0,733000.0,14939000.0,,969000.0,
Italy,2020,38419000.0,20226200000.0,1897460000000.0,1.0659618648087443,Italy,27763.8,5.097115,IT,,,,,,
Mexico,2012,76749000.0,13319900000.0,1255110000000.0,1.0612535953024038,Mexico,19349.783,4.332987,MX,,,,,,
Russian Federation,2019,,17669900000.0,1693110000000.0,1.04363567635889,Russia,57486.2,11.698944,RU,,,,,613000.0,
Russian Federation,2005,22201000.0,7805000000.0,764020000000.0,1.0215701159655506,Russia,52182.89,10.866317,RU,,,,,,
Mexico,2020,51128000.0,11448300000.0,1120740000000.0,1.021494726698431,Mexico,16382.68,3.5102782,MX,1247000.0,588000.0,5497000.0,5146000.0,123000.0,7455000.0
Russian Federation,2019,24419000.0,17235000000.0,1693110000000.0,1.0179492177117848,Russia,57486.2,11.698944,RU,,,,,613000.0,
Mexico,2011,75732000.0,12457400000.0,1229010000000.0,1.0136125824850897,Mexico,19447.846,4.2348022,MX,,,,,,
Russian Federation,2009,,12369800000.0,1222650000000.0,1.0117204432993907,Russia,52542.598,10.792086,RU,,,,,,
Russian Federation,2009,21339000.0,12369000000.0,1222650000000.0,1.0116550116550116,Russia,52542.598,10.792086,RU,,,,,,
United States,2008,175703000.0,149095000000.0,14769860000000.0,1.0094543888703076,United States,86378.65,19.349745,US,,,,,,
Russian Federation,2016,24571000.0,12822000000.0,1276790000000.0,1.004237188574472,Russia,55769.246,11.266587,RU,,,,,400000.0,
Russian Federation,2016,,12821800000.0,1276790000000.0,1.004221524291387,Russia,55769.246,11.266587,RU,,,,,400000.0,
Malaysia,2020,4333000.0,3386000000.0,337460000000.0,1.003378178154448,Malaysia,35997.363,8.109902,MY,2085000.0,,11916000.0,1652000.0,341000.0,18581000.0
Slovak Republic,2021,,1183332000.0,118580000000.0,0.9979187046719514,Slovakia,35836.406,6.4554424,,,,,,,
Russian Federation,2006,22486000.0,9720000000.0,989930000000.0,0.9818876082147222,Russia,54674.26,11.322848,RU,,,,,,
Russian Federation,2015,33729000.0,13186000000.0,1363480000000.0,0.9670842256578752,Russia,54818.855,11.327114,RU,4785000.0,8115000.0,,,484000.0,
Russian Federation,2015,,13185600000.0,1363480000000.0,0.9670548889606008,Russia,54818.855,11.327114,RU,4785000.0,8115000.0,,,484000.0,
Japan,2019,31881000.0,49209800000.0,5117990000000.0,0.9615063726189385,Japan,40868.688,8.780706,JP,6174000.0,,30666000.0,8872000.0,6491000.0,6683000.0
Russian Federation,2007,22909000.0,12426000000.0,1299700000000.0,0.9560667846426096,Russia,55047.945,11.345777,RU,,,,,,
Russian Federation,2008,23676000.0,15821000000.0,1660850000000.0,0.9525845199747118,Russia,55313.555,11.545911,RU,,,,,,
Russian Federation,2017,24390000.0,14938000000.0,1574200000000.0,0.9489264388260704,Russia,55974.684,11.454741,RU,,,,,472000.0,
Russian Federation,2017,,14937400000.0,1574200000000.0,0.9488883242281794,Russia,55974.684,11.454741,RU,,,,,472000.0,
United States,2009,160508000.0,137114000000.0,14478070000000.0,0.9470461187160996,United States,81376.18,17.76503,US,,,,,,
Russian Federation,2014,,19451100000.0,2059240000000.0,0.9445766399254094,Russia,55844.656,11.366104,RU,,,,,,
Russian Federation,2014,32421000.0,19451000000.0,2059240000000.0,0.9445717837648842,Russia,55844.656,11.366104,RU,,,,,,
United States,2007,175299000.0,134800000000.0,14474230000000.0,0.931310335679342,United States,89395.14,20.248577,US,,,,,,
Japan,2018,31191000.0,45276100000.0,5040880000000.0,0.8981784926441414,Japan,41694.16,9.042501,JP,5966000.0,,30536000.0,8596000.0,6419000.0,6261000.0
United States,2005,71484000.0,116682000000.0,13039200000000.0,0.8948555126081355,United States,90654.53,20.658026,US,,,,,,
China (People's Republic of),2008,,40843000000.0,4594340000000.0,0.8889851425884893,China,19560.7,5.639515,,,,,,,
Russian Federation,2013,,20198800000.0,2292470000000.0,0.8810933185603301,Russia,55798.707,11.39534,RU,,,,,,
Russian Federation,2013,30792000.0,20198000000.0,2292470000000.0,0.881058421702356,Russia,55798.707,11.39534,RU,,,,,,
United States,2004,67606000.0,107210000000.0,12217190000000.0,0.8775340319664341,United States,91504.484,20.79503,US,,,,,,
United States,2006,183178000.0,121030000000.0,13815590000000.0,0.876039315005729,United States,89067.04,20.192238,US,,,,,,
Russian Federation,2010,,13239900000.0,1524920000000.0,0.8682357107258086,Russia,54554.844,11.398727,RU,,,,,,
Russian Federation,2010,22281000.0,13239000000.0,1524920000000.0,0.8681766912362616,Russia,54554.844,11.398727,RU,,,,,,
Canada,2020,,14087900000.0,1655680000000.0,0.8508830208735987,Canada,100497.28,13.799503,CA,,,,,,
Russian Federation,2011,,16961000000.0,2045920000000.0,0.8290157972941269,Russia,56364.21,11.759599,RU,,,,,,
Russian Federation,2011,24932000.0,16961000000.0,2045920000000.0,0.8290157972941269,Russia,56364.21,11.759599,RU,,,,,,
United States,2003,,94814000000.0,11456440000000.0,0.8276043867030246,United States,90619.11,20.645628,US,,,,,,
Saudi Arabia,2020,,5960000000.0,734270000000.0,0.8116905225598212,Saudi Arabia,80309.99,16.967278,SA,937000.0,542000.0,4520000.0,616000.0,145000.0,577000.0
Russian Federation,2012,28177000.0,17876000000.0,2208290000000.0,0.8094951297157529,Russia,56593.086,11.844851,RU,,,,,,
Russian Federation,2012,,17875600000.0,2208290000000.0,0.8094770161527699,Russia,56593.086,11.844851,RU,,,,,,
South Africa,2020,3886600.09765625,2716592000.0,338290000000.0,0.8030364480179728,South Africa,23568.951,7.3948026,ZA,,,,,,
China (People's Republic of),2009,,39675000000.0,5101690000000.0,0.7776834735156389,China,20281.068,5.892718,,,,,,,
China (People's Republic of),2010,,45814000000.0,6087190000000.0,0.7526297027035462,China,21551.547,6.394216,,,,,,,
Japan,2017,28691000.0,36967100000.0,4930840000000.0,0.7497120166138022,Japan,41783.035,9.369802,JP,5547000.0,,28442000.0,8770000.0,6274000.0,6166000.0
Canada,2021,,14233453000.0,2007470000000.0,0.7090244437027702,Canada,100738.89,14.078721,CA,,,,,,
Japan,2016,24039000.0,33382800000.000004,5003680000000.0,0.6671649665845938,Japan,41172.285,9.468604,JP,5448000.0,,29333000.0,9254000.0,6429000.0,6681000.0
China (People's Republic of),2011,,48464000000.0,7551550000000.0,0.6417755295270507,China,23090.885,7.0241256,,,,,,,
Japan,2015,19737000.0,27300600000.0,4444930000000.0,0.6141963990434045,Japan,41622.67,9.612256,JP,5400000.0,,28500000.0,9300000.0,6300000.0,6400000.0
China (People's Republic of),2012,,50028000000.0,8532190000000.001,0.5863441859592906,China,23873.234,7.15618,,,,,,,
Germany,2020,12449000.0,22079800000.0,3887730000000.0,0.5679355305023754,Germany,41377.68,7.767432,DE,3636000.0,655000.0,11111000.0,,772000.0,
China (People's Republic of),2013,,51664000000.0,9570470000000.0,0.5398271976193436,China,24600.36,7.2352104,,,,,,,
South Africa,2021,,2113000000.0,420120000000.0,0.5029515376559078,South Africa,23392.424,7.1663837,ZA,,,,,,
Ukraine,2020,3382000.0,687000000.0,156620000000.0,0.4386412974077385,Ukraine,20916.844,4.7102127,UA,,,,,,
Japan,2014,13413000.0,20828900000.0,4896990000000.0,0.4253408726585106,Japan,42146.168,9.9161,JP,,,,,,
China (People's Republic of),2014,,44043681000.0,10475620000000.0,0.4204398498609151,China,25072.023,7.218271,,,,,,,
China (People's Republic of),2015,,44968719000.0,11061570000000.0,0.4065310710866541,China,25209.49,7.0796027,,,,,,,
United States,2020,45037000.0,84206000000.0,21060470000000.0,0.3998296334317325,United States,73236.14,14.034053,US,10830000.0,150000.0,8780000.0,6110000.0,1560000.0,11440000.0
China (People's Republic of),2016,,44425974000.0,11233310000000.0,0.3954842695518952,China,25164.803,6.9656186,,,,,,,
United States,2021,,80956000000.0,23315080000000.0,0.3472259155876797,United States,76988.75,14.9324875,US,,,,,,
Russian Federation,2020,6359000.0,4961000000.0,1493080000000.0,0.332266188014038,Russia,55455.547,11.21384,RU,,,,,,
Japan,2013,10364000.0,16904599999.999998,5212330000000.0,0.324319450226674,Japan,43171.46,10.3007765,JP,,,,,,
Japan,2005,6728000.0,15554000000.0,4831470000000.0,0.3219310065052665,Japan,49007.164,10.095157,JP,,,,,,
China (People's Republic of),2017,,38799277000.0,12310490000000.0,0.3151724829799626,China,25987.611,7.098718,,,,,,,
Japan,2004,6138000.0,14343000000.0,4893120000000.0,0.2931258583480479,Japan,48887.336,10.046784,JP,,,,,,
China (People's Republic of),2018,,39467770000.0,13894910000000.0,0.2840448048961814,China,27109.42,7.306582,,,,,,,
Japan,2007,8347000.0,12422000000.0,4579750000000.0,0.2712375129646815,Japan,48292.938,10.177901,JP,,,,,,
Japan,2008,8351000.0,13790600000.0,5106680000000.0,0.2700502087461913,Japan,47418.41,9.619277,JP,,,,,,
Japan,2010,8611000.0,15334800000.0,5759070000000.0,0.2662721585255952,Japan,46114.938,9.482092,JP,,,,,,
Japan,2012,8358000.0,16192200000.0,6272360000000.0,0.2581516367045259,Japan,43428.844,10.21389,JP,,,,,,
Japan,2003,,11475000000.0,4519560000000.0,0.2538963969943976,Japan,48392.92,10.096226,JP,,,,,,
Japan,2006,7334000.0,11490000000.0,4601660000000.0,0.2496925022709196,Japan,48855.34,9.906935,JP,,,,,,
China (People's Republic of),2019,,34458292000.0,14279970000000.0,0.2413050727697607,China,28277.445,7.5401316,,,,,,,
Japan,2009,6790000.0,12506200000.0,5289490000000.0,0.2364348925888885,Japan,43254.305,9.078084,JP,,,,,,
Japan,2020,4115799.8046875,11507300000.0,5055590000000.0,0.2276153722908701,Japan,38029.27,8.302111,JP,,,,,,
Japan,2011,6219000.0,12500100000.0,6233150000000.0,0.2005422619381853,Japan,43712.98,9.87937,JP,,,,,,
Austria,2006,20269000.0,,336280000000.0,,Austria,50921.684,9.291188,AT,,,,,,
Austria,2007,20773000.0,,389190000000.0,,Austria,49669.195,8.935539,AT,,,,,,
Netherlands,2005,10012000.0,,685350000000.0,,Netherlands,68395.85,10.937212,NL,,,,,,
Netherlands,2006,10739000.0,,733960000000.0,,Netherlands,66740.0,10.5962715,NL,,,,,,
Netherlands,2007,11008000.0,,848560000000.0,,Netherlands,67568.08,10.538973,NL,,,,,,
Saudi Arabia,2004,11083000.0,,258740000000.0,,Saudi Arabia,71949.19,16.9477,SA,,,,,,
Saudi Arabia,2005,10417000.0,,328460000000.0,,Saudi Arabia,74232.79,16.511742,SA,,,,,,
Saudi Arabia,2006,10962000.0,,376900000000.0,,Saudi Arabia,74860.33,17.299736,SA,,,,,,
Singapore,2019,19116000.0,,376840000000.0,,Singapore,158657.89,5.7579384,SG,,,,,,
Singapore,2020,2742000.0,,348390000000.0,,Singapore,154256.3,9.274892,SG,,,,,,
Spain,2003,,,907490000000.0,,Spain,40418.156,7.964245,ES,,,,,,
Spain,2004,85981000.0,,1069060000000.0,,Spain,41185.832,8.217263,ES,,,,,,
Spain,2005,92563000.0,,1153720000000.0,,Spain,40779.03,8.431613,ES,,,,,,
Spain,2006,96152000.0,,1260400000000.0,,Spain,40681.79,8.09614,ES,,,,,,
Spain,2007,98907000.0,,1474000000000.0,,Spain,40817.645,8.120073,ES,,,,,,
Turkiye,2003,,,314600000000.0,,Turkey,13613.353,3.5408273,,,,,,,
Turkiye,2004,17517000.0,,408870000000.0,,Turkey,14380.439,3.610951,,,,,,,
United Kingdom,2003,,,2054420000000.0,,United Kingdom,44750.703,9.5829115,GB,,,,,,
United Kingdom,2004,27755000.0,,2421530000000.0,,United Kingdom,44856.6,9.557823,GB,,,,,,
United Kingdom,2005,29970000.0,,2543180000000.0,,United Kingdom,44937.305,9.4452305,GB,,,,,,
United Kingdom,2006,32713000.0,,2708440000000.0,,United Kingdom,44057.82,9.338998,GB,,,,,,
United Kingdom,2007,32778000.0,,3090510000000.0,,United Kingdom,42517.13,9.134187,GB,,,,,,
United Kingdom,2020,11101000.0,,2697810000000.0,,United Kingdom,29425.54,4.8652816,GB,,,,,,
